Model,Accuracy,F1-score,Inference Time (ms),Model Size (MB),Parameters (M),Topsis Score,Rank
BERT-Base,0.49,0.3223,63.74,417.67,109.48,0.5475472581957841,3
DistilBERT,0.9167,0.9166,32.23,255.43,66.96,0.9873696259674853,1
Twitter-RoBERTa,0.4967,0.5787,63.94,475.52,124.65,0.6060351854137999,2
Twitter-XLM,0.4567,0.4966,73.07,1060.69,278.05,0.4798799411769135,4
RoBERTa-Large,0.9283,0.9283,242.38,1355.64,355.36,0.41538706079211624,5
